<?xml version="1.0" encoding="utf-8"?>

<application id="blog" mode="Debug">
  <paths>
    <using namespace="Application.database.*" />
  </paths>

  <!-- configurations for modules -->
  <modules>
    <!-- Remove this comment mark to enable caching
    <module id="cache" class="System.Caching.TDbCache" />
    -->

    <!-- Remove this comment mark to enable PATH url format
    <module id="request" class="THttpRequest" UrlFormat="Path" />
    -->

    <!-- Remove this comment mark to enable logging
    <module id="log" class="System.Util.TLogRouter">
      <route class="TBrowserLogRoute" Categories="System" />
    </module>
    -->
    <module id="db" class="System.Data.TDataSourceConfig">
      <database ConnectionString="sqlite:protected/data/blog.db" />
    </module>
    
    <module 
      class="System.Data.ActiveRecord.TActiveRecordConfig" 
      ConnectionID="db" />
 
    <module id="auth"
      class="System.Security.TAuthManager"
      UserManager="users" 
      LoginPage="users.LoginUser" />

    <module id="users"
      class="System.Security.TDbUserManager"
      UserClass="Application.BlogUser" />

  </modules>

  <!-- configuration for available services -->
  <services>
    <service id="page" class="TPageService" DefaultPage="Home">
      <pages MasterClass="Application.layouts.MainLayout" />
    </service>
  </services>

  <!-- application parameters
  <parameters>
    <parameter id="param1" value="value1" />
    <parameter id="param2" value="value2" />
  </parameters>
  -->
</application>